"Rank","Value","Entry Count"
"1","PSU","874"
"2","5MC","747"
"3","OMG","697"
"4","OMC","661"
"5","5MU","659"
"6","2MG","592"
"7","UR3","591"
"8","OMU","584"
"9","MA6","573"
"10","4OC","422"
"11","6MZ","422"
"12","G7M","393"
"13","2MA","375"
"14","7MG","346"
"15","H2U","337"
"16","4SU","327"
"17","1MG","290"
"18","DOC","284"
"19","5CM","257"
"20","GTP","250"
"21","8OG","246"
"22","1MA","241"
"23","3TD","239"
"24","A2M","238"
"25","M2G","231"
"26","3DR","179"
"27","MIA","167"
"28","BRU","136"
"29","4AC","101"
"30","B8N","85"
"31","DDG","77"
"32","CCC","76"
"33","T6A","70"
"34","B8T","63"
"35","2MU","60"
"36","5BU","59"
"37","LCG","58"
"38","LCC","56"
"39","CBR","54"
"40","2DA","52"
"41","3AU","52"
"42","CBV","47"
"43","A23","45"
"44","5IU","44"
"45","TTD","43"
"46","6MA","42"
"47","ORP","41"
"48","PPU","41"
"49","UY1","38"
"50","6OG","37"
"51","GDP","37"
"52","2DT","36"
"53","CM0","36"
"54","MRG","36"
"55","M7A","35"
"56","U8U","34"
"57","5HC","32"
"58","AAB","31"
"59","B8H","31"
"60","BGM","30"
"61","8AN","29"
"62","B8Q","29"
"63","0C","28"
"64","0G","28"
"65","0U","28"
"66","2YR","27"
"67","ATP","26"
"68","E7G","26"
"69","I4U","26"
"70","P7G","26"
"71","B9B","25"
"72","PED","25"
"73","UMS","25"
"74","B8K","24"
"75","B8W","24"
"76","B9H","24"
"77","BGH","24"
"78","IGU","24"
"79","P4U","24"
"80","P5P","24"
"81","AS","23"
"82","PYO","23"
"83","YG","23"
"84","YYG","22"
"85","2PR","21"
"86","31H","21"
"87","JMH","21"
"88","23G","20"
"89","E6G","19"
"90","G47","19"
"91","8NI","18"
"92","C42","18"
"93","M7G","18"
"94","MHG","18"
"95","S9L","18"
"96","1W5","17"
"97","CH","17"
"98","G2L","17"
"99","MA7","17"
"100","1WA","16"
"101","CFZ","16"
"102","F3N","16"
"103","GF2","16"
"104","TLN","16"
"105","Y5P","16"
"106","1CC","15"
"107","CAR","15"
"108","DCZ","15"
"109","PST","15"
"110","RIA","15"
"111","UFT","15"
"112","12A","14"
"113","A38","14"
"114","AF2","14"
"115","CFL","14"
"116","CPN","14"
"117","DNR","14"
"118","EDA","14"
"119","GPN","14"
"120","GS","14"
"121","THM","14"
"122","64T","13"
"123","6IA","13"
"124","70U","13"
"125","C4J","13"
"126","C7R","13"
"127","TAF","13"
"128","TPN","13"
"129","5FC","12"
"130","5PY","12"
"131","8AZ","12"
"132","APN","12"
"133","C49","12"
"134","CTG","12"
"135","GFL","12"
"136","P","12"
"137","QUO","12"
"138","RSP","12"
"139","0DC","11"
"140","0DG","11"
"141","DFT","11"
"142","DZM","11"
"143","FMG","11"
"144","G46","11"
"145","ME6","11"
"146","RSQ","11"
"147","1AP","10"
"148","56B","10"
"149","8GM","10"
"150","C38","10"
"151","JSP","10"
"152","LKC","10"
"153","MCY","10"
"154","02I","9"
"155","85Y","9"
"156","E3C","9"
"157","FHU","9"
"158","GNE","9"
"159","IMC","9"
"160","LHH","9"
"161","SSU","9"
"162","UCL","9"
"163","0DA","8"
"164","6HC","8"
"165","7GU","8"
"166","A3P","8"
"167","ATM","8"
"168","DUZ","8"
"169","FOX","8"
"170","G35","8"
"171","GTG","8"
"172","IU","8"
"173","LCA","8"
"174","N6G","8"
"175","SUR","8"
"176","0DT","7"
"177","4DU","7"
"178","8AH","7"
"179","C6G","7"
"180","CX2","7"
"181","DN","7"
"182","EDC","7"
"183","FAG","7"
"184","G49","7"
"185","GMP","7"
"186","LHO","7"
"187","SC","7"
"188","TX2","7"
"189","UFR","7"
"190","08Q","6"
"191","5HU","6"
"192","6HA","6"
"193","6HG","6"
"194","6HT","6"
"195","7BG","6"
"196","B7C","6"
"197","BMN","6"
"198","BZG","6"
"199","CTP","6"
"200","D4B","6"
"201","DV3","6"
"202","F74","6"
"203","FME","6"
"204","GTA","6"
"205","M3X","6"
"206","M7M","6"
"207","MG1","6"
"208","PDI","6"
"209","T5S","6"
"210","T64","6"
"211","TFT","6"
"212","TT","6"
"213","UAR","6"
"214","UFP","6"
"215","UMP","6"
"216","UNK","6"
"217","US3","6"
"218","XSX","6"
"219","126","5"
"220","2LF","5"
"221","3DA","5"
"222","5AA","5"
"223","5HM","5"
"224","5OC","5"
"225","7DA","5"
"226","A1LZ3","5"
"227","A44","5"
"228","A9Z","5"
"229","ACA","5"
"230","C37","5"
"231","CSL","5"
"232","D33","5"
"233","EFG","5"
"234","EW3","5"
"235","FA2","5"
"236","G48","5"
"237","HPD","5"
"238","K1F","5"
"239","LV2","5"
"240","NH2","5"
"241","NR1","5"
"242","NRI","5"
"243","OHU","5"
"244","PHA","5"
"245","PO2","5"
"246","PRN","5"
"247","T39","5"
"248","TCY","5"
"249","TSP","5"
"250","UTP","5"
"251","WVQ","5"
"252","0A","4"
"253","1DP","4"
"254","2EG","4"
"255","2OP","4"
"256","2SG","4"
"257","2ST","4"
"258","4PC","4"
"259","5GP","4"
"260","91N","4"
"261","A3A","4"
"262","A5L","4"
"263","A5M","4"
"264","C43","4"
"265","C45","4"
"266","C5L","4"
"267","C5P","4"
"268","DG8","4"
"269","F86","4"
"270","G36","4"
"271","G5J","4"
"272","HN1","4"
"273","I2T","4"
"274","MTU","4"
"275","MUM","4"
"276","N7X","4"
"277","PDU","4"
"278","QBT","4"
"279","S6G","4"
"280","SAY","4"
"281","SRA","4"
"282","TGP","4"
"283","U36","4"
"284","U37","4"
"285","UF2","4"
"286","UPE","4"
"287","USM","4"
"288","XB9","4"
"289","XTR","4"
"290","Z","4"
"291","ZJS","4"
"292","ZTH","4"
"293","125","3"
"294","1FC","3"
"295","2AU","3"
"296","31M","3"
"297","4U3","3"
"298","5AT","3"
"299","5BT","3"
"300","5CY","3"
"301","5EJ","3"
"302","5PC","3"
"303","6FM","3"
"304","6NW","3"
"305","7S3","3"
"306","7SN","3"
"307","8FG","3"
"308","92F","3"
"309","A47","3"
"310","ACE","3"
"311","AET","3"
"312","AP7","3"
"313","APC","3"
"314","ATD","3"
"315","C2S","3"
"316","C34","3"
"317","DRZ","3"
"318","DZ","3"
"319","EAN","3"
"320","F4Q","3"
"321","F7H","3"
"322","FAX","3"
"323","GAO","3"
"324","HFA","3"
"325","IC","3"
"326","IG","3"
"327","KAG","3"
"328","L3X","3"
"329","LWM","3"
"330","M1G","3"
"331","MF7","3"
"332","MKX","3"
"333","MMX","3"
"334","MNU","3"
"335","O2C","3"
"336","O2G","3"
"337","OKN","3"
"338","OWR","3"
"339","PVX","3"
"340","RDG","3"
"341","RFJ","3"
"342","RY","3"
"343","S8U","3"
"344","T23","3"
"345","T3P","3"
"346","TCJ","3"
"347","TCP","3"
"348","TG","3"
"349","TTI","3"
"350","U31","3"
"351","U5P","3"
"352","U7B","3"
"353","UBD","3"
"354","UPS","3"
"355","WC7","3"
"356","YCO","3"
"357","YPE","3"
"358","ZAD","3"
"359","ZCY","3"
"360","ZGU","3"
"361","10C","2"
"362","18M","2"
"363","18Q","2"
"364","1TW","2"
"365","2AD","2"
"366","2AR","2"
"367","2BT","2"
"368","2BU","2"
"369","2FI","2"
"370","2JU","2"
"371","3KA","2"
"372","3ZO","2"
"373","40A","2"
"374","40C","2"
"375","40G","2"
"376","40T","2"
"377","48Z","2"
"378","4DG","2"
"379","4E9","2"
"380","4JA","2"
"381","4MF","2"
"382","5CF","2"
"383","5DB","2"
"384","5UA","2"
"385","63G","2"
"386","63H","2"
"387","63T","2"
"388","6FU","2"
"389","6MD","2"
"390","6MI","2"
"391","6OO","2"
"392","7TE","2"
"393","8MG","2"
"394","8OS","2"
"395","8PI","2"
"396","8Y9","2"
"397","9O4","2"
"398","9QV","2"
"399","A1A0L","2"
"400","A1H3G","2"
"401","A40","2"
"402","A5O","2"
"403","AD2","2"
"404","ADN","2"
"405","ADS","2"
"406","AFG","2"
"407","ATL","2"
"408","AVC","2"
"409","AWC","2"
"410","B86","2"
"411","BGR","2"
"412","BTN","2"
"413","C46","2"
"414","C7S","2"
"415","CMR","2"
"416","CVC","2"
"417","D3N","2"
"418","DP","2"
"419","DXD","2"
"420","E1X","2"
"421","EIX","2"
"422","EWC","2"
"423","G3A","2"
"424","GCP","2"
"425","GMS","2"
"426","GNG","2"
"427","GRB","2"
"428","HN0","2"
"429","IQG","2"
"430","K2F","2"
"431","K39","2"
"432","L1J","2"
"433","L8P","2"
"434","LDG","2"
"435","LR6","2"
"436","N2G","2"
"437","N79","2"
"438","NF2","2"
"439","O2Z","2"
"440","OKQ","2"
"441","P2U","2"
"442","P9G","2"
"443","PBT","2"
"444","PE6","2"
"445","PGN","2"
"446","PGP","2"
"447","PYP","2"
"448","Q61","2"
"449","QCK","2"
"450","R","2"
"451","RMP","2"
"452","RUS","2"
"453","S02","2"
"454","SDG","2"
"455","SOS","2"
"456","T0N","2"
"457","T32","2"
"458","T49","2"
"459","T5O","2"
"460","TDY","2"
"461","THP","2"
"462","TM2","2"
"463","TTM","2"
"464","U48","2"
"465","UEL","2"
"466","UMC","2"
"467","URU","2"
"468","US1","2"
"469","US2","2"
"470","US5","2"
"471","VET","2"
"472","VKJ","2"
"473","VM6","2"
"474","WUH","2"
"475","X4A","2"
"476","X6H","2"
"477","XAR","2"
"478","XDV","2"
"479","XEC","2"
"480","XMP","2"
"481","XTF","2"
"482","XUA","2"
"483","XUG","2"
"484","YA4","2"
"485","YRR","2"
"486","ZDU","2"
"487","05A","1"
"488","05H","1"
"489","05K","1"
"490","0AD","1"
"491","0KZ","1"
"492","0R8","1"
"493","0U1","1"
"494","127","1"
"495","16B","1"
"496","1RN","1"
"497","1SC","1"
"498","1TL","1"
"499","2AT","1"
"500","2BD","1"
"501","2DF","1"
"502","2DM","1"
"503","2FE","1"
"504","2GF","1"
"505","2GT","1"
"506","2IA","1"
"507","2JV","1"
"508","2L8","1"
"509","2LA","1"
"510","2NT","1"
"511","2OT","1"
"512","30U","1"
"513","365","1"
"514","3D1","1"
"515","3ME","1"
"516","3PO","1"
"517","45A","1"
"518","47C","1"
"519","4EN","1"
"520","4SC","1"
"521","50L","1"
"522","50N","1"
"523","574","1"
"524","5CG","1"
"525","5FU","1"
"526","5HT","1"
"527","5IC","1"
"528","5JO","1"
"529","5NC","1"
"530","5SE","1"
"531","5UD","1"
"532","61H","1"
"533","64P","1"
"534","68Z","1"
"535","6F7","1"
"536","6FC","1"
"537","6FK","1"
"538","6HB","1"
"539","6OP","1"
"540","6PO","1"
"541","6TW","1"
"542","6U0","1"
"543","73W","1"
"544","75B","1"
"545","77Y","1"
"546","7AT","1"
"547","7OK","1"
"548","84E","1"
"549","8AA","1"
"550","8AF","1"
"551","8AG","1"
"552","8BA","1"
"553","8DT","1"
"554","8PY","1"
"555","8RJ","1"
"556","8RO","1"
"557","8XA","1"
"558","8XC","1"
"559","8XG","1"
"560","8XU","1"
"561","8YN","1"
"562","93D","1"
"563","94O","1"
"564","96T","1"
"565","9SI","1"
"566","9SY","1"
"567","9V9","1"
"568","A1BBA","1"
"569","A2L","1"
"570","A2P","1"
"571","A43","1"
"572","A66","1"
"573","A7C","1"
"574","A7E","1"
"575","ABR","1"
"576","ABS","1"
"577","AG9","1"
"578","AGD","1"
"579","AI5","1"
"580","AMP","1"
"581","ANZ","1"
"582","ASU","1"
"583","AT7","1"
"584","AZW","1"
"585","BOE","1"
"586","C2L","1"
"587","C31","1"
"588","C36","1"
"589","C4S","1"
"590","C66","1"
"591","CDW","1"
"592","CFV","1"
"593","CG1","1"
"594","CGY","1"
"595","CJ1","1"
"596","CNV","1"
"597","CP1","1"
"598","CSM","1"
"599","CUD","1"
"600","D00","1"
"601","D3","1"
"602","D5M","1"
"603","DCM","1"
"604","DDN","1"
"605","DDX","1"
"606","DJF","1"
"607","DLY","1"
"608","DOP","1"
"609","DPY","1"
"610","DRP","1"
"611","DUR","1"
"612","DX","1"
"613","E","1"
"614","EDI","1"
"615","EHG","1"
"616","EIT","1"
"617","EQ0","1"
"618","EXC","1"
"619","F2T","1"
"620","F3H","1"
"621","F4H","1"
"622","F5H","1"
"623","F6H","1"
"624","F6U","1"
"625","F6X","1"
"626","F73","1"
"627","F7K","1"
"628","F7O","1"
"629","F7R","1"
"630","F7U","1"
"631","F7X","1"
"632","FDG","1"
"633","FFD","1"
"634","FMU","1"
"635","G2M","1"
"636","G2S","1"
"637","G31","1"
"638","G38","1"
"639","GCK","1"
"640","GDO","1"
"641","GF0","1"
"642","GMU","1"
"643","GMX","1"
"644","GN7","1"
"645","GP3","1"
"646","GSR","1"
"647","GSS","1"
"648","GT3","1"
"649","GX1","1"
"650","HCX","1"
"651","HEU","1"
"652","HGL","1"
"653","HHU","1"
"654","HOB","1"
"655","HOL","1"
"656","HYJ","1"
"657","IKS","1"
"658","ILK","1"
"659","IMP","1"
"660","IPN","1"
"661","J0X","1"
"662","J4T","1"
"663","JDT","1"
"664","JMC","1"
"665","K12","1"
"666","KAK","1"
"667","KGV","1"
"668","KPN","1"
"669","L2B","1"
"670","L5R","1"
"671","LGP","1"
"672","LHC","1"
"673","LSH","1"
"674","LST","1"
"675","LVR","1"
"676","M1Y","1"
"677","M5M","1"
"678","MBZ","1"
"679","MDJ","1"
"680","MDK","1"
"681","MDQ","1"
"682","MDU","1"
"683","MDV","1"
"684","MFO","1"
"685","MFT","1"
"686","MGT","1"
"687","MM7","1"
"688","MMT","1"
"689","MTR","1"
"690","N4S","1"
"691","N5I","1"
"692","N5M","1"
"693","N68","1"
"694","NCU","1"
"695","NCX","1"
"696","NME","1"
"697","NMS","1"
"698","NMT","1"
"699","NP3","1"
"700","NR0","1"
"701","NRL","1"
"702","NSF","1"
"703","NSU","1"
"704","NTT","1"
"705","NYM","1"
"706","OBX","1"
"707","OFC","1"
"708","OGX","1"
"709","OIQ","1"
"710","OKT","1"
"711","ONE","1"
"712","OPN","1"
"713","P2T","1"
"714","PA9","1"
"715","PAE","1"
"716","PGE","1"
"717","PO4","1"
"718","POP","1"
"719","PPS","1"
"720","PPW","1"
"721","PQ1","1"
"722","PU","1"
"723","PYY","1"
"724","QCE","1"
"725","QGJ","1"
"726","QRV","1"
"727","QSK","1"
"728","QSQ","1"
"729","RBD","1"
"730","RCE","1"
"731","RF5","1"
"732","RPC","1"
"733","S2M","1"
"734","S4A","1"
"735","S4C","1"
"736","S4G","1"
"737","S6M","1"
"738","SDE","1"
"739","SDH","1"
"740","SJO","1"
"741","SMP","1"
"742","SMT","1"
"743","SPT","1"
"744","T0P","1"
"745","T0T","1"
"746","T2S","1"
"747","T2T","1"
"748","T38","1"
"749","T41","1"
"750","T48","1"
"751","T4S","1"
"752","T66","1"
"753","TA3","1"
"754","TC","1"
"755","TC1","1"
"756","TED","1"
"757","TFE","1"
"758","TFO","1"
"759","THX","1"
"760","TJU","1"
"761","TLB","1"
"762","TLC","1"
"763","TMS","1"
"764","TP1","1"
"765","TPC","1"
"766","TS6","1"
"767","TSE","1"
"768","U23","1"
"769","U2L","1"
"770","U2M","1"
"771","U33","1"
"772","U34","1"
"773","U4M","1"
"774","U5M","1"
"775","U5R","1"
"776","U7T","1"
"777","UBB","1"
"778","UBI","1"
"779","UD5","1"
"780","UFB","1"
"781","ULF","1"
"782","UMO","1"
"783","UMX","1"
"784","UOA","1"
"785","UOB","1"
"786","UPV","1"
"787","URT","1"
"788","URX","1"
"789","US4","1"
"790","UTB","1"
"791","UVP","1"
"792","UVX","1"
"793","UWJ","1"
"794","UY4","1"
"795","UZL","1"
"796","UZR","1"
"797","VC7","1"
"798","X0K","1"
"799","XAD","1"
"800","XAE","1"
"801","XAL","1"
"802","XAN","1"
"803","XC","1"
"804","XCI","1"
"805","XCL","1"
"806","XCR","1"
"807","XCS","1"
"808","XCT","1"
"809","XCY","1"
"810","XDD","1"
"811","XDJ","1"
"812","XDY","1"
"813","XE6","1"
"814","XFC","1"
"815","XGA","1"
"816","XGL","1"
"817","XGR","1"
"818","XGU","1"
"819","XNY","1"
"820","XPB","1"
"821","XTH","1"
"822","XTL","1"
"823","XTY","1"
"824","XY7","1"
"825","Y","1"
"826","YB9","1"
"827","YPF","1"
"828","YQS","1"
"829","YTI","1"
"830","ZBC","1"
"831","ZBU","1"
"832","ZHP","1"
"833","ZIV","1"